{
  "data": {
    "users": {
      "923027665767@s.whatsapp.net": {
        "premiumExpiry": 0
      },
      "923427802185@s.whatsapp.net": {
        "premiumExpiry": 0
      },
      "916909137213@s.whatsapp.net": {
        "premiumExpiry": 0
      },
      "120363355590049145@newsletter": {
        "premiumExpiry": 0
      },
      "919366316018@s.whatsapp.net": {
        "premiumExpiry": 0
      },
      "120363222395675670@newsletter": {
        "premiumExpiry": 0
      },
      "212774827104@s.whatsapp.net": {
        "premiumExpiry": 0
      },
      "919402104403@s.whatsapp.net": {
        "premiumExpiry": 0
      },
      "555197030059@s.whatsapp.net": {
        "premiumExpiry": 0
      },
      "48699515274@s.whatsapp.net": {
        "premiumExpiry": 0
      },
      "48699510540@s.whatsapp.net": {
        "premiumExpiry": 0
      },
      "48699546543@s.whatsapp.net": {
        "premiumExpiry": 0
      },
      "15517868419@s.whatsapp.net": {
        "premiumExpiry": 0
      },
      "966546389786@s.whatsapp.net": {
        "premiumExpiry": 0
      },
      "18765415341@s.whatsapp.net": {
        "premiumExpiry": 0
      },
      "447707031326@s.whatsapp.net": {
        "premiumExpiry": 0
      },
      "923436875506@s.whatsapp.net": {
        "premiumExpiry": 0
      },
      "923464237460@s.whatsapp.net": {
        "premiumExpiry": 0
      },
      "120363280576631666@newsletter": {
        "premiumExpiry": 0
      },
      "120363247149539361@newsletter": {
        "premiumExpiry": 0
      },
      "120363318950025538@newsletter": {
        "premiumExpiry": 0
      },
      "995544996873@s.whatsapp.net": {
        "premiumExpiry": 0
      },
      "966562362930@s.whatsapp.net": {
        "premiumExpiry": 0
      },
      "48459232129@s.whatsapp.net": {
        "premiumExpiry": 0
      },
      "923127453223@s.whatsapp.net": {
        "premiumExpiry": 0
      },
      "628812872604@s.whatsapp.net": {
        "premiumExpiry": 0
      },
      "120363312991035785@newsletter": {
        "premiumExpiry": 0
      },
      "79913809395@s.whatsapp.net": {
        "premiumExpiry": 0
      },
      "237650020332@s.whatsapp.net": {
        "premiumExpiry": 0
      },
      "4915679597472@s.whatsapp.net": {
        "premiumExpiry": 0
      },
      "919362934696@s.whatsapp.net": {
        "premiumExpiry": 0
      },
      "918131877478@s.whatsapp.net": {
        "premiumExpiry": 0
      },
      "2348089690584@s.whatsapp.net": {
        "premiumExpiry": 0
      },
      "2349084008519@s.whatsapp.net": {
        "premiumExpiry": 0
      },
      "917086348416@s.whatsapp.net": {
        "premiumExpiry": 1745223630320
      },
      "916385763292@s.whatsapp.net": {
        "premiumExpiry": 0
      },
      "919678565915@s.whatsapp.net": {
        "premiumExpiry": 0
      },
      "916002590221@s.whatsapp.net": {
        "premiumExpiry": 0
      },
      "917002307476@s.whatsapp.net": {
        "premiumExpiry": 0
      },
      "919954079895@s.whatsapp.net": {
        "premiumExpiry": 0
      },
      "916366117523@s.whatsapp.net": {
        "premiumExpiry": 0
      },
      "916001709065@s.whatsapp.net": {
        "premiumExpiry": 0
      },
      "916002182074@s.whatsapp.net": {
        "premiumExpiry": 0
      },
      "919707173932@s.whatsapp.net": {
        "premiumExpiry": 0
      },
      "918851648907@s.whatsapp.net": {
        "premiumExpiry": 0
      },
      "919954391616@s.whatsapp.net": {
        "premiumExpiry": 0
      },
      "918720925187@s.whatsapp.net": {
        "premiumExpiry": 0
      },
      "917093486569@s.whatsapp.net": {
        "premiumExpiry": 0
      },
      "916291442697@s.whatsapp.net": {
        "premiumExpiry": 0
      },
      "918714057114@s.whatsapp.net": {
        "premiumExpiry": 0
      },
      "918453778491@s.whatsapp.net": {
        "premiumExpiry": 0
      },
      "919707970621@s.whatsapp.net": {
        "premiumExpiry": 0
      },
      "916001030847@s.whatsapp.net": {
        "premiumExpiry": 0
      },
      "918135950651@s.whatsapp.net": {
        "premiumExpiry": 0
      },
      "919394693778@s.whatsapp.net": {
        "premiumExpiry": 0
      },
      "916003814911@s.whatsapp.net": {
        "premiumExpiry": 0
      },
      "919707543147@s.whatsapp.net": {
        "premiumExpiry": 0
      },
      "917997466938@s.whatsapp.net": {
        "premiumExpiry": 0
      },
      "918099429363@s.whatsapp.net": {
        "premiumExpiry": 0
      },
      "919101688762@s.whatsapp.net": {
        "premiumExpiry": 0
      },
      "916003348426@s.whatsapp.net": {
        "premiumExpiry": 0
      },
      "916003813944@s.whatsapp.net": {
        "premiumExpiry": 0
      },
      "917896148413@s.whatsapp.net": {
        "premiumExpiry": 0
      },
      "919395640190@s.whatsapp.net": {
        "premiumExpiry": 0
      },
      "923336491293@s.whatsapp.net": {
        "premiumExpiry": 1830718697297
      },
      "916000389857@s.whatsapp.net": {
        "premiumExpiry": 0
      },
      "917099835082@s.whatsapp.net": {
        "premiumExpiry": 0
      },
      "919864270897@s.whatsapp.net": {
        "premiumExpiry": 0
      },
      "916003876130@s.whatsapp.net": {
        "premiumExpiry": 0
      },
      "917896926463@s.whatsapp.net": {
        "premiumExpiry": 0
      },
      "918761931805@s.whatsapp.net": {
        "premiumExpiry": 0
      },
      "919315314437@s.whatsapp.net": {
        "premiumExpiry": 0
      },
      "917483104324@s.whatsapp.net": {
        "premiumExpiry": 0
      },
      "916900966034@s.whatsapp.net": {
        "premiumExpiry": 0
      },
      "919957488443@s.whatsapp.net": {
        "premiumExpiry": 0
      },
      "918638812740@s.whatsapp.net": {
        "premiumExpiry": 0
      },
      "916900615528@s.whatsapp.net": {
        "premiumExpiry": 0
      },
      "919707233599@s.whatsapp.net": {
        "premiumExpiry": 0
      },
      "917896318984@s.whatsapp.net": {
        "premiumExpiry": 0
      },
      "919395437120@s.whatsapp.net": {
        "premiumExpiry": 0
      },
      "916002029144@s.whatsapp.net": {
        "premiumExpiry": 0
      },
      "919864226332@s.whatsapp.net": {
        "premiumExpiry": 0
      },
      "916002570722@s.whatsapp.net": {
        "premiumExpiry": 0
      },
      "917099785272@s.whatsapp.net": {
        "premiumExpiry": 0
      },
      "919306345245@s.whatsapp.net": {
        "premiumExpiry": 0
      },
      "918178627910@s.whatsapp.net": {
        "premiumExpiry": 0
      },
      "918121653826@s.whatsapp.net": {
        "premiumExpiry": 0
      },
      "918453588451@s.whatsapp.net": {
        "premiumExpiry": 0
      },
      "918402878323@s.whatsapp.net": {
        "premiumExpiry": 0
      },
      "918403014067@s.whatsapp.net": {
        "premiumExpiry": 0
      },
      "918134960192@s.whatsapp.net": {
        "premiumExpiry": 0
      },
      "917002214593@s.whatsapp.net": {
        "premiumExpiry": 0
      },
      "919395639378@s.whatsapp.net": {
        "premiumExpiry": 0
      },
      "919954789518@s.whatsapp.net": {
        "premiumExpiry": 0
      },
      "919395371103@s.whatsapp.net": {
        "premiumExpiry": 0
      },
      "919387809867@s.whatsapp.net": {
        "premiumExpiry": 0
      },
      "919365723367@s.whatsapp.net": {
        "premiumExpiry": 0
      },
      "919902920531@s.whatsapp.net": {
        "premiumExpiry": 0
      },
      "918638742176@s.whatsapp.net": {
        "premiumExpiry": 0
      },
      "918099733828@s.whatsapp.net": {
        "premiumExpiry": 0
      },
      "919365728167@s.whatsapp.net": {
        "premiumExpiry": 0
      },
      "919394317522@s.whatsapp.net": {
        "premiumExpiry": 0
      },
      "917002192022@s.whatsapp.net": {
        "premiumExpiry": 0
      },
      "918453068405@s.whatsapp.net": {
        "premiumExpiry": 0
      },
      "919954013366@s.whatsapp.net": {
        "premiumExpiry": 0
      },
      "917896042883@s.whatsapp.net": {
        "premiumExpiry": 0
      },
      "918638778276@s.whatsapp.net": {
        "premiumExpiry": 0
      },
      "918453830154@s.whatsapp.net": {
        "premiumExpiry": 0
      },
      "919347104378@s.whatsapp.net": {
        "premiumExpiry": 0
      },
      "917896264517@s.whatsapp.net": {
        "premiumExpiry": 0
      },
      "919864645460@s.whatsapp.net": {
        "premiumExpiry": 0
      },
      "916000245879@s.whatsapp.net": {
        "premiumExpiry": 0
      },
      "919365892657@s.whatsapp.net": {
        "premiumExpiry": 0
      },
      "918822154973@s.whatsapp.net": {
        "premiumExpiry": 0
      },
      "918876791280@s.whatsapp.net": {
        "premiumExpiry": 0
      },
      "919101775303@s.whatsapp.net": {
        "premiumExpiry": 0
      },
      "918822178352@s.whatsapp.net": {
        "premiumExpiry": 0
      },
      "916001350130@s.whatsapp.net": {
        "premiumExpiry": 0
      },
      "917005968634@s.whatsapp.net": {
        "premiumExpiry": 0
      },
      "919678673712@s.whatsapp.net": {
        "premiumExpiry": 0
      },
      "916003124983@s.whatsapp.net": {
        "premiumExpiry": 0
      },
      "120363404857764766@newsletter": {
        "premiumExpiry": 0
      },
      "916900842165@s.whatsapp.net": {
        "premiumExpiry": 0
      },
      "918822523056@s.whatsapp.net": {
        "premiumExpiry": 0
      },
      "917086683361@s.whatsapp.net": {
        "premiumExpiry": 0
      },
      "918473815669@s.whatsapp.net": {
        "premiumExpiry": 0
      },
      "917002507636@s.whatsapp.net": {
        "premiumExpiry": 0
      },
      "916901445912@s.whatsapp.net": {
        "premiumExpiry": 0
      },
      "917002757885@s.whatsapp.net": {
        "premiumExpiry": 0
      },
      "916003770994@s.whatsapp.net": {
        "premiumExpiry": 0
      },
      "918753930594@s.whatsapp.net": {
        "premiumExpiry": 0
      },
      "916901085736@s.whatsapp.net": {
        "premiumExpiry": 0
      },
      "919387770696@s.whatsapp.net": {
        "premiumExpiry": 0
      },
      "918453870265@s.whatsapp.net": {
        "premiumExpiry": 0
      },
      "917896421955@s.whatsapp.net": {
        "premiumExpiry": 0
      },
      "917002782878@s.whatsapp.net": {
        "premiumExpiry": 0
      },
      "919862855151@s.whatsapp.net": {
        "premiumExpiry": 0
      },
      "918135992278@s.whatsapp.net": {
        "premiumExpiry": 8.640000000001747e+24
      },
      "2348022159244@s.whatsapp.net": {
        "premiumExpiry": 1831195827411
      },
      "917399805543@s.whatsapp.net": {
        "premiumExpiry": 0
      },
      "919368453591@s.whatsapp.net": {
        "premiumExpiry": 1831191982940
      },
      "919862326590@s.whatsapp.net": {
        "premiumExpiry": 1831272801128
      },
      "923167888791@s.whatsapp.net": {
        "premiumExpiry": 1753430996800
      },
      "918685842974@s.whatsapp.net": {
        "premiumExpiry": 1831272822170
      },
      "917099716135@s.whatsapp.net": {
        "premiumExpiry": 1831190938599
      },
      "2349021325614@s.whatsapp.net": {
        "premiumExpiry": 1831272845147
      },
      "917324960047@s.whatsapp.net": {
        "premiumExpiry": 1831191465856
      },
      "971581442098@s.whatsapp.net": {
        "premiumExpiry": 1831191660151
      },
      "5215613166035@s.whatsapp.net": {
        "premiumExpiry": 1753517885287
      },
      "380992668370@s.whatsapp.net": {
        "premiumExpiry": 1744964289242
      },
      "5215538596724@s.whatsapp.net": {
        "premiumExpiry": 1831314106745
      },
      "2348168884045@s.whatsapp.net": {
        "premiumExpiry": 1753432528373
      },
      "923191248374@s.whatsapp.net": {
        "premiumExpiry": 1831193043644
      },
      "919528303254@s.whatsapp.net": {
        "premiumExpiry": 1831192251809
      },
      "923436631312@s.whatsapp.net": {
        "premiumExpiry": 1753432490658
      },
      "919678023974@s.whatsapp.net": {
        "premiumExpiry": 1745742711546
      },
      "918287614829@s.whatsapp.net": {
        "premiumExpiry": 0
      },
      "916009230279@s.whatsapp.net": {
        "premiumExpiry": 0
      },
      "917005610195@s.whatsapp.net": {
        "premiumExpiry": 0
      },
      "919220572956@s.whatsapp.net": {
        "premiumExpiry": 1831193235961
      },
      "918638346386@s.whatsapp.net": {
        "premiumExpiry": 0
      },
      "6282120460623@s.whatsapp.net": {
        "premiumExpiry": 0
      },
      "120363351064505930@newsletter": {
        "premiumExpiry": 0
      },
      "966551539275@s.whatsapp.net": {
        "premiumExpiry": 1831194329849
      },
      "918433262245@s.whatsapp.net": {
        "premiumExpiry": 1831194308855
      },
      "917631927074@s.whatsapp.net": {
        "premiumExpiry": 1831194403136
      },
      "2348064512910@s.whatsapp.net": {
        "premiumExpiry": 0
      },
      "919394988360@s.whatsapp.net": {
        "premiumExpiry": 0
      },
      "918414883188@s.whatsapp.net": {
        "premiumExpiry": 0
      },
      "923180601373@s.whatsapp.net": {
        "premiumExpiry": 1831197305783
      },
      "919862289322@s.whatsapp.net": {
        "premiumExpiry": 0
      },
      "923334775303@s.whatsapp.net": {
        "premiumExpiry": 1831195502263
      },
      "6281217255159@s.whatsapp.net": {
        "premiumExpiry": 1831195778914
      },
      "5514997973047@s.whatsapp.net": {
        "premiumExpiry": 1831195755429
      },
      "966563591789@s.whatsapp.net": {
        "premiumExpiry": 1831195798380
      },
      "918731037357@s.whatsapp.net": {
        "premiumExpiry": 0
      },
      "917771993463@s.whatsapp.net": {
        "premiumExpiry": 1753435992681
      },
      "918882820188@s.whatsapp.net": {
        "premiumExpiry": 0
      },
      "918585980458@s.whatsapp.net": {
        "premiumExpiry": 1753436172158
      },
      "201270172500@s.whatsapp.net": {
        "premiumExpiry": 1753436770991
      },
      "6282146361362@s.whatsapp.net": {
        "premiumExpiry": 1831196410674
      },
      "447893985354@s.whatsapp.net": {
        "premiumExpiry": 1745747576881
      },
      "919717838357@s.whatsapp.net": {
        "premiumExpiry": 1753437333022
      },
      "6285189681519@s.whatsapp.net": {
        "premiumExpiry": 1831200329027
      },
      "918882829265@s.whatsapp.net": {
        "premiumExpiry": 1753438070589
      },
      "905338409196@s.whatsapp.net": {
        "premiumExpiry": 1831203117366
      },
      "918731043987@s.whatsapp.net": {
        "premiumExpiry": 0
      },
      "918099914799@s.whatsapp.net": {
        "premiumExpiry": 0
      },
      "918923659252@s.whatsapp.net": {
        "premiumExpiry": 1831199494445
      },
      "919615252928@s.whatsapp.net": {
        "premiumExpiry": 0
      },
      "918416046094@s.whatsapp.net": {
        "premiumExpiry": 0
      },
      "919383064667@s.whatsapp.net": {
        "premiumExpiry": 0
      },
      "2349072995972@s.whatsapp.net": {
        "premiumExpiry": 1745319423146
      },
      "923704849760@s.whatsapp.net": {
        "premiumExpiry": 1745571267440
      },
      "2349127074702@s.whatsapp.net": {
        "premiumExpiry": 1745319729221
      },
      "919612495086@s.whatsapp.net": {
        "premiumExpiry": 0
      },
      "919383315643@s.whatsapp.net": {
        "premiumExpiry": 0
      },
      "916909433995@s.whatsapp.net": {
        "premiumExpiry": 0
      },
      "918901657653@s.whatsapp.net": {
        "premiumExpiry": 1753445173361
      },
      "923201589548@s.whatsapp.net": {
        "premiumExpiry": 1753444824994
      },
      "916033189355@s.whatsapp.net": {
        "premiumExpiry": 0
      },
      "918787651195@s.whatsapp.net": {
        "premiumExpiry": 0
      },
      "85294731448@s.whatsapp.net": {
        "premiumExpiry": 1753447574662
      },
      "971569206726@s.whatsapp.net": {
        "premiumExpiry": 1745499124213
      },
      "923289462579@s.whatsapp.net": {
        "premiumExpiry": 1831288391666
      },
      "919383179286@s.whatsapp.net": {
        "premiumExpiry": 0
      },
      "923489093601@s.whatsapp.net": {
        "premiumExpiry": 1748675699639
      },
      "923107851252@s.whatsapp.net": {
        "premiumExpiry": 0
      },
      "6283176876687@s.whatsapp.net": {
        "premiumExpiry": 1776000370647
      },
      "918416093656@s.whatsapp.net": {
        "premiumExpiry": 0
      },
      "919931122319@s.whatsapp.net": {
        "premiumExpiry": 0
      },
      "6283872485451@s.whatsapp.net": {
        "premiumExpiry": 1831214725073
      },
      "201282144479@s.whatsapp.net": {
        "premiumExpiry": 1745769083548
      },
      "923106143173@s.whatsapp.net": {
        "premiumExpiry": 0
      },
      "573150136469@s.whatsapp.net": {
        "premiumExpiry": 1747495032683
      },
      "593984872374@s.whatsapp.net": {
        "premiumExpiry": 1831656123754
      },
      "918586991000@s.whatsapp.net": {
        "premiumExpiry": 1745076576606
      },
      "8801852696498@s.whatsapp.net": {
        "premiumExpiry": 0
      },
      "923350717275@s.whatsapp.net": {
        "premiumExpiry": 1745164308523
      },
      "923281464115@s.whatsapp.net": {
        "premiumExpiry": 1831228963862
      },
      "919387817394@s.whatsapp.net": {
        "premiumExpiry": 0
      },
      "923492820541@s.whatsapp.net": {
        "premiumExpiry": 0
      },
      "918974923840@s.whatsapp.net": {
        "premiumExpiry": 0
      },
      "2348109718148@s.whatsapp.net": {
        "premiumExpiry": 0
      },
      "2349129699311@s.whatsapp.net": {
        "premiumExpiry": 1831229095147
      },
      "22571251217@s.whatsapp.net": {
        "premiumExpiry": 0
      },
      "201288294427@s.whatsapp.net": {
        "premiumExpiry": 1744997334862
      },
      "254794139003@s.whatsapp.net": {
        "premiumExpiry": 0
      },
      "919233088767@s.whatsapp.net": {
        "premiumExpiry": 0
      },
      "966535343267@s.whatsapp.net": {
        "premiumExpiry": 0
      },
      "2347062547167@s.whatsapp.net": {
        "premiumExpiry": 0
      },
      "966570528336@s.whatsapp.net": {
        "premiumExpiry": 1831275556684
      },
      "2347045035241@s.whatsapp.net": {
        "premiumExpiry": 0
      },
      "919747074989@s.whatsapp.net": {
        "premiumExpiry": 0
      },
      "919613473661@s.whatsapp.net": {
        "premiumExpiry": 0
      },
      "120363419312762647@newsletter": {
        "premiumExpiry": 0
      },
      "923166783542@s.whatsapp.net": {
        "premiumExpiry": 0
      },
      "50431445279@s.whatsapp.net": {
        "premiumExpiry": 0
      },
      "923286590642@s.whatsapp.net": {
        "premiumExpiry": 0
      },
      "923287832752@s.whatsapp.net": {
        "premiumExpiry": 0
      },
      "2348143303335@s.whatsapp.net": {
        "premiumExpiry": 0
      },
      "254715788691@s.whatsapp.net": {
        "premiumExpiry": 0
      },
      "120363290640941556@newsletter": {
        "premiumExpiry": 0
      },
      "120363355327990106@newsletter": {
        "premiumExpiry": 0
      },
      "923161454924@s.whatsapp.net": {
        "premiumExpiry": 0
      },
      "918050747969@s.whatsapp.net": {
        "premiumExpiry": 0
      },
      "919395603789@s.whatsapp.net": {
        "premiumExpiry": 0
      },
      "923163026033@s.whatsapp.net": {
        "premiumExpiry": 0
      },
      "918053563265@s.whatsapp.net": {
        "premiumExpiry": 0
      },
      "22571109759@s.whatsapp.net": {
        "premiumExpiry": 0
      },
      "120363345824160157@newsletter": {
        "premiumExpiry": 0
      },
      "6285217045661@s.whatsapp.net": {
        "premiumExpiry": 0
      },
      "923700430421@s.whatsapp.net": {
        "premiumExpiry": 0
      },
      "120363410642790970@newsletter": {
        "premiumExpiry": 0
      },
      "923226951125@s.whatsapp.net": {
        "premiumExpiry": 0
      },
      "923003155893@s.whatsapp.net": {
        "premiumExpiry": 0
      },
      "9647763724948@s.whatsapp.net": {
        "premiumExpiry": 0
      },
      "923066499256@s.whatsapp.net": {
        "premiumExpiry": 0
      },
      "6285251374991@s.whatsapp.net": {
        "premiumExpiry": 0
      },
      "573184767315@s.whatsapp.net": {
        "premiumExpiry": 0
      },
      "120363403283611499@newsletter": {
        "premiumExpiry": 0
      },
      "254799797245@s.whatsapp.net": {
        "premiumExpiry": 1753485670283
      },
      "2348123999085@s.whatsapp.net": {
        "premiumExpiry": 0
      },
      "5218994199179@s.whatsapp.net": {
        "premiumExpiry": 0
      },
      "2349043014163@s.whatsapp.net": {
        "premiumExpiry": 0
      },
      "51990998536@s.whatsapp.net": {
        "premiumExpiry": 0
      },
      "6285642357511@s.whatsapp.net": {
        "premiumExpiry": 0
      },
      "923098645562@s.whatsapp.net": {
        "premiumExpiry": 1745204631034
      },
      "48459439531@s.whatsapp.net": {
        "premiumExpiry": 0
      },
      "919588197171@s.whatsapp.net": {
        "premiumExpiry": 1831474122724
      },
      "916009084160@s.whatsapp.net": {
        "premiumExpiry": 0
      },
      "56951662756@s.whatsapp.net": {
        "premiumExpiry": 0
      },
      "120363338099292525@newsletter": {
        "premiumExpiry": 0
      },
      "923160488403@s.whatsapp.net": {
        "premiumExpiry": 1753526760852
      },
      "918878170048@s.whatsapp.net": {
        "premiumExpiry": 1745041939497
      },
      "923299518649@s.whatsapp.net": {
        "premiumExpiry": 1831271422125
      },
      "917788861848@s.whatsapp.net": {
        "premiumExpiry": 0
      },
      "2349160878368@s.whatsapp.net": {
        "premiumExpiry": 0
      },
      "918210770508@s.whatsapp.net": {
        "premiumExpiry": 0
      },
      "919123834130@s.whatsapp.net": {
        "premiumExpiry": 0
      },
      "260761414330@s.whatsapp.net": {
        "premiumExpiry": 0
      },
      "4915252819677@s.whatsapp.net": {
        "premiumExpiry": 0
      },
      "2348034240942@s.whatsapp.net": {
        "premiumExpiry": 1831275814594
      },
      "918239310912@s.whatsapp.net": {
        "premiumExpiry": 0
      },
      "923193438058@s.whatsapp.net": {
        "premiumExpiry": 1831290282286
      },
      "22540160331@s.whatsapp.net": {
        "premiumExpiry": 1831373273539
      },
      "2348058068041@s.whatsapp.net": {
        "premiumExpiry": 0
      },
      "201114737162@s.whatsapp.net": {
        "premiumExpiry": 0
      },
      "120363380566549207@newsletter": {
        "premiumExpiry": 0
      },
      "5216671767390@s.whatsapp.net": {
        "premiumExpiry": 0
      },
      "923342790353@s.whatsapp.net": {
        "premiumExpiry": 0
      },
      "923368459869@s.whatsapp.net": {
        "premiumExpiry": 0
      },
      "923407199189@s.whatsapp.net": {
        "premiumExpiry": 0
      },
      "2348027258288@s.whatsapp.net": {
        "premiumExpiry": 1788257053762
      },
      "6281315844886@s.whatsapp.net": {
        "premiumExpiry": 1753543204870
      },
      "919612999972@s.whatsapp.net": {
        "premiumExpiry": 0
      },
      "917697004417@s.whatsapp.net": {
        "premiumExpiry": 1745052864684
      },
      "919364477007@s.whatsapp.net": {
        "premiumExpiry": 1745053127525
      },
      "923154606289@s.whatsapp.net": {
        "premiumExpiry": 0
      },
      "201021067213@s.whatsapp.net": {
        "premiumExpiry": 0
      },
      "2347085476057@s.whatsapp.net": {
        "premiumExpiry": 1831280275554
      },
      "2349153560320@s.whatsapp.net": {
        "premiumExpiry": 1745420650357
      },
      "923367794845@s.whatsapp.net": {
        "premiumExpiry": 1745574596635
      },
      "917605902011@s.whatsapp.net": {
        "premiumExpiry": 0
      },
      "916266092787@s.whatsapp.net": {
        "premiumExpiry": 0
      },
      "919517641203@s.whatsapp.net": {
        "premiumExpiry": 0
      },
      "918974248292@s.whatsapp.net": {
        "premiumExpiry": 0
      },
      "918787789781@s.whatsapp.net": {
        "premiumExpiry": 0
      },
      "923366803473@s.whatsapp.net": {
        "premiumExpiry": 0
      },
      "923269831071@s.whatsapp.net": {
        "premiumExpiry": 1745339286087
      },
      "966590714535@s.whatsapp.net": {
        "premiumExpiry": 1831290854902
      },
      "37258526615@s.whatsapp.net": {
        "premiumExpiry": 1831292139570
      },
      "6288242573619@s.whatsapp.net": {
        "premiumExpiry": 0
      },
      "923707896910@s.whatsapp.net": {
        "premiumExpiry": 0
      },
      "919760634252@s.whatsapp.net": {
        "premiumExpiry": 1831299610481
      },
      "917823819907@s.whatsapp.net": {
        "premiumExpiry": 0
      },
      "2347076515315@s.whatsapp.net": {},
      "923190917363@s.whatsapp.net": {
        "premiumExpiry": 1831299586553
      },
      "120363375794043624@newsletter": {
        "premiumExpiry": 0
      },
      "923112271700@s.whatsapp.net": {
        "premiumExpiry": 0
      },
      "22552991601@s.whatsapp.net": {
        "premiumExpiry": 0
      },
      "966568157829@s.whatsapp.net": {
        "premiumExpiry": 0
      },
      "120363327056166742@newsletter": {
        "premiumExpiry": 0
      },
      "254100749734@s.whatsapp.net": {
        "premiumExpiry": 0
      },
      "2348180603316@s.whatsapp.net": {
        "premiumExpiry": 0
      },
      "917404815001@s.whatsapp.net": {
        "premiumExpiry": 0
      },
      "201098084387@s.whatsapp.net": {
        "premiumExpiry": 0
      },
      "233533763772@s.whatsapp.net": {
        "premiumExpiry": 0
      },
      "120363354023106228@newsletter": {
        "premiumExpiry": 0
      },
      "916000047117@s.whatsapp.net": {
        "premiumExpiry": 0
      },
      "2348122198447@s.whatsapp.net": {
        "premiumExpiry": 0
      },
      "923367080147@s.whatsapp.net": {
        "premiumExpiry": 0
      },
      "18096624950@s.whatsapp.net": {
        "premiumExpiry": 0
      },
      "6287777026864@s.whatsapp.net": {
        "premiumExpiry": 0
      },
      "6283857992673@s.whatsapp.net": {
        "premiumExpiry": 0
      },
      "923709499835@s.whatsapp.net": {
        "premiumExpiry": 1831300118477
      },
      "120363144038483540@newsletter": {
        "premiumExpiry": 0
      },
      "923346101851@s.whatsapp.net": {
        "premiumExpiry": 1831300529269
      },
      "201129529078@s.whatsapp.net": {
        "premiumExpiry": 1747581188593
      },
      "48699534025@s.whatsapp.net": {
        "premiumExpiry": 1831303172330
      },
      "2348148979185@s.whatsapp.net": {
        "premiumExpiry": 0
      },
      "6281918085681@s.whatsapp.net": {
        "premiumExpiry": 0
      },
      "254103543579@s.whatsapp.net": {
        "premiumExpiry": 0
      },
      "491630084776@s.whatsapp.net": {
        "premiumExpiry": 0
      },
      "917640058591@s.whatsapp.net": {
        "premiumExpiry": 0
      },
      "917005366724@s.whatsapp.net": {
        "premiumExpiry": 0
      },
      "919366310014@s.whatsapp.net": {
        "premiumExpiry": 0
      },
      "2349034171515@s.whatsapp.net": {
        "premiumExpiry": 0
      },
      "923250289979@s.whatsapp.net": {
        "premiumExpiry": 1831367747270
      },
      "966553471934@s.whatsapp.net": {
        "premiumExpiry": 0
      },
      "5216481011224@s.whatsapp.net": {
        "premiumExpiry": 1753640523430
      },
      "966540330753@s.whatsapp.net": {
        "premiumExpiry": 1831318459263
      },
      "916009232405@s.whatsapp.net": {
        "premiumExpiry": 0
      },
      "917005712780@s.whatsapp.net": {
        "premiumExpiry": 0
      },
      "918731883545@s.whatsapp.net": {
        "premiumExpiry": 0
      },
      "923015143737@s.whatsapp.net": {
        "premiumExpiry": 0
      },
      "967783340570@s.whatsapp.net": {
        "premiumExpiry": 0
      },
      "120363241490262665@newsletter": {
        "premiumExpiry": 0
      },
      "2347013567797@s.whatsapp.net": {
        "premiumExpiry": 0
      },
      "2349012834275@s.whatsapp.net": {
        "premiumExpiry": 0
      },
      "2349111634377@s.whatsapp.net": {
        "premiumExpiry": 0
      },
      "2349022345932@s.whatsapp.net": {
        "premiumExpiry": 0
      },
      "2347031143153@s.whatsapp.net": {
        "premiumExpiry": 0
      },
      "2348105418479@s.whatsapp.net": {
        "premiumExpiry": 0
      },
      "254708506576@s.whatsapp.net": {
        "premiumExpiry": 0
      },
      "6285857632490@s.whatsapp.net": {
        "premiumExpiry": 0
      },
      "40770811929@s.whatsapp.net": {
        "premiumExpiry": 0
      },
      "917319729895@s.whatsapp.net": {
        "premiumExpiry": 0
      },
      "919235589466@s.whatsapp.net": {
        "premiumExpiry": 0
      },
      "120363375989294479@newsletter": {
        "premiumExpiry": 0
      },
      "923167498559@s.whatsapp.net": {
        "premiumExpiry": 0
      },
      "923419470693@s.whatsapp.net": {
        "premiumExpiry": 0
      },
      "120363156348690259@newsletter": {
        "premiumExpiry": 0
      },
      "21676800647295@lid": {
        "premiumExpiry": 0
      },
      "923141831808@s.whatsapp.net": {
        "premiumExpiry": 0
      },
      "923407559076@s.whatsapp.net": {
        "premiumExpiry": 0
      },
      "447783769888@s.whatsapp.net": {
        "premiumExpiry": 0
      },
      "120363392298432240@newsletter": {
        "premiumExpiry": 0
      },
      "923186779770@s.whatsapp.net": {
        "premiumExpiry": 0
      },
      "923278229450@s.whatsapp.net": {
        "premiumExpiry": 0
      },
      "2349011325667@s.whatsapp.net": {
        "premiumExpiry": 0
      },
      "97455857853@s.whatsapp.net": {
        "premiumExpiry": 0
      },
      "923076471332@s.whatsapp.net": {
        "premiumExpiry": 1831330005636
      },
      "256769315438@s.whatsapp.net": {
        "premiumExpiry": 0
      },
      "2347019198904@s.whatsapp.net": {},
      "2349064050974@s.whatsapp.net": {
        "premiumExpiry": 0
      },
      "6288971860668@s.whatsapp.net": {
        "premiumExpiry": 1831367727287
      },
      "919553959826@s.whatsapp.net": {
        "premiumExpiry": 0
      },
      "916913102117@s.whatsapp.net": {
        "premiumExpiry": 0
      },
      "918794469563@s.whatsapp.net": {
        "premiumExpiry": 0
      },
      "6282397961614@s.whatsapp.net": {
        "premiumExpiry": 0
      },
      "917005519868@s.whatsapp.net": {
        "premiumExpiry": 0
      },
      "917640850696@s.whatsapp.net": {
        "premiumExpiry": 0
      },
      "923349623557@s.whatsapp.net": {
        "premiumExpiry": 0
      },
      "40784858433@s.whatsapp.net": {
        "premiumExpiry": 1831357282608
      },
      "6281330163765@s.whatsapp.net": {
        "premiumExpiry": 0
      },
      "918794683271@s.whatsapp.net": {
        "premiumExpiry": 0
      },
      "923245962482@s.whatsapp.net": {
        "premiumExpiry": 1745655550249
      },
      "919253607506@s.whatsapp.net": {
        "premiumExpiry": 1833004541172
      },
      "919863562432@s.whatsapp.net": {
        "premiumExpiry": 0
      },
      "918917627024@s.whatsapp.net": {
        "premiumExpiry": 1831369450890
      },
      "2347042359930@s.whatsapp.net": {
        "premiumExpiry": 0
      },
      "22572367253@s.whatsapp.net": {
        "premiumExpiry": 0
      },
      "2250715105168@s.whatsapp.net": {
        "premiumExpiry": 0
      },
      "923425403745@s.whatsapp.net": {
        "premiumExpiry": 1831368326265
      },
      "22587256033@s.whatsapp.net": {
        "premiumExpiry": 1831655059103
      },
      "923417298338@s.whatsapp.net": {
        "premiumExpiry": 1831369346550
      },
      "2348132554730@s.whatsapp.net": {
        "premiumExpiry": 1779616947698
      },
      "917411567514@s.whatsapp.net": {
        "premiumExpiry": 0
      },
      "923357096637@s.whatsapp.net": {
        "premiumExpiry": 1831371916718
      },
      "201117166491@s.whatsapp.net": {
        "premiumExpiry": 1747655634063
      },
      "120363419977698100@newsletter": {
        "premiumExpiry": 0
      },
      "2250719497777@s.whatsapp.net": {
        "premiumExpiry": 0
      },
      "120363301226316608@newsletter": {
        "premiumExpiry": 0
      },
      "923016922244@s.whatsapp.net": {
        "premiumExpiry": 0
      },
      "93723287433@s.whatsapp.net": {
        "premiumExpiry": 1831377138268
      },
      "40749421022@s.whatsapp.net": {
        "premiumExpiry": 1745236041023
      },
      "923302786596@s.whatsapp.net": {
        "premiumExpiry": 1745670018051
      },
      "917005254755@s.whatsapp.net": {
        "premiumExpiry": 1753619717562
      },
      "6281234584086@s.whatsapp.net": {
        "premiumExpiry": 1831379660767
      },
      "923438269704@s.whatsapp.net": {
        "premiumExpiry": 0
      },
      "916009918189@s.whatsapp.net": {
        "premiumExpiry": 0
      },
      "919863495881@s.whatsapp.net": {
        "premiumExpiry": 0
      },
      "918798312649@s.whatsapp.net": {
        "premiumExpiry": 0
      },
      "919362381820@s.whatsapp.net": {
        "premiumExpiry": 0
      },
      "916003630950@s.whatsapp.net": {
        "premiumExpiry": 1749369234117
      },
      "201027977969@s.whatsapp.net": {
        "premiumExpiry": 0
      },
      "917085760579@s.whatsapp.net": {
        "premiumExpiry": 0
      },
      "6281374475896@s.whatsapp.net": {
        "premiumExpiry": 0
      },
      "923041685874@s.whatsapp.net": {
        "premiumExpiry": 0
      },
      "120363396613886259@newsletter": {
        "premiumExpiry": 0
      },
      "923129577274@s.whatsapp.net": {
        "premiumExpiry": 0
      },
      "919540321983@s.whatsapp.net": {
        "premiumExpiry": 0
      },
      "918414804466@s.whatsapp.net": {
        "premiumExpiry": 0
      },
      "254724384525@s.whatsapp.net": {
        "premiumExpiry": 0
      },
      "923334386406@s.whatsapp.net": {
        "premiumExpiry": 0
      },
      "918413040325@s.whatsapp.net": {
        "premiumExpiry": 0
      },
      "917902833202@s.whatsapp.net": {
        "premiumExpiry": 0
      },
      "919395849554@s.whatsapp.net": {
        "premiumExpiry": 0
      },
      "50238253641@s.whatsapp.net": {
        "premiumExpiry": 0
      },
      "916296898631@s.whatsapp.net": {
        "premiumExpiry": 0
      },
      "919306319413@s.whatsapp.net": {
        "premiumExpiry": 0
      },
      "6285378227296@s.whatsapp.net": {
        "premiumExpiry": 0
      },
      "923288620843@s.whatsapp.net": {
        "premiumExpiry": 0
      },
      "995322044638@s.whatsapp.net": {
        "premiumExpiry": 0
      },
      "40727686715@s.whatsapp.net": {
        "premiumExpiry": 0
      },
      "6283131936613@s.whatsapp.net": {
        "premiumExpiry": 0
      },
      "120363365341394398@newsletter": {
        "premiumExpiry": 0
      },
      "919862294704@s.whatsapp.net": {
        "premiumExpiry": 0
      },
      "2250714468093@s.whatsapp.net": {
        "premiumExpiry": 0
      },
      "917630047629@s.whatsapp.net": {
        "premiumExpiry": 0
      },
      "6285398762336@s.whatsapp.net": {
        "premiumExpiry": 0
      },
      "6285652270834@s.whatsapp.net": {
        "premiumExpiry": 1831395296036
      },
      "919000585707@s.whatsapp.net": {
        "premiumExpiry": 0
      },
      "918732067394@s.whatsapp.net": {
        "premiumExpiry": 0
      },
      "918413036768@s.whatsapp.net": {
        "premiumExpiry": 0
      },
      "6287778002663@s.whatsapp.net": {
        "premiumExpiry": 0
      },
      "212716464657@s.whatsapp.net": {
        "premiumExpiry": 1747682440798
      },
      "919560496723@s.whatsapp.net": {
        "premiumExpiry": 1745176858390
      },
      "2348052002530@s.whatsapp.net": {
        "premiumExpiry": 1747684495080
      },
      "2349078265315@s.whatsapp.net": {
        "premiumExpiry": 1831464986720
      },
      "923457483346@s.whatsapp.net": {
        "premiumExpiry": 0
      },
      "923704437976@s.whatsapp.net": {
        "premiumExpiry": 1747738929090
      },
      "233509539410@s.whatsapp.net": {
        "premiumExpiry": 1831491891684
      },
      "120363399111279686@newsletter": {
        "premiumExpiry": 0
      },
      "923034980435@s.whatsapp.net": {
        "premiumExpiry": 0
      },
      "923254513965@s.whatsapp.net": {
        "premiumExpiry": 0
      },
      "923090443113@s.whatsapp.net": {
        "premiumExpiry": 0
      },
      "918368686248@s.whatsapp.net": {
        "premiumExpiry": 1745326501911
      },
      "6285712414866@s.whatsapp.net": {
        "premiumExpiry": 1753693301488
      },
      "2348144092271@s.whatsapp.net": {
        "premiumExpiry": 1747996430236
      },
      "120363314209665405@newsletter": {
        "premiumExpiry": 0
      },
      "120363318498241861@newsletter": {
        "premiumExpiry": 0
      },
      "254714552104@s.whatsapp.net": {
        "premiumExpiry": 0
      },
      "923246790967@s.whatsapp.net": {
        "premiumExpiry": 0
      },
      "923110412091@s.whatsapp.net": {
        "premiumExpiry": 0
      },
      "923081284194@s.whatsapp.net": {
        "premiumExpiry": 0
      },
      "917429757564@s.whatsapp.net": {
        "premiumExpiry": 0
      },
      "7499482714317@lid": {
        "premiumExpiry": 0
      },
      "218934637076@s.whatsapp.net": {
        "premiumExpiry": 0
      },
      "923130840638@s.whatsapp.net": {
        "premiumExpiry": 0
      },
      "2349032192579@s.whatsapp.net": {
        "premiumExpiry": 0
      },
      "2250718124538@s.whatsapp.net": {
        "premiumExpiry": 0
      },
      "40731439874@s.whatsapp.net": {
        "premiumExpiry": 0
      },
      "2348137556395@s.whatsapp.net": {
        "premiumExpiry": 0
      },
      "6289668078340@s.whatsapp.net": {
        "premiumExpiry": 0
      },
      "923077663480@s.whatsapp.net": {
        "premiumExpiry": 0
      },
      "923128537930@s.whatsapp.net": {
        "premiumExpiry": 0
      },
      "919048108151@s.whatsapp.net": {
        "premiumExpiry": 0
      },
      "37482364199113@lid": {
        "premiumExpiry": 0
      },
      "923290293416@s.whatsapp.net": {
        "premiumExpiry": 0
      },
      "6281917711158@s.whatsapp.net": {
        "premiumExpiry": 0
      },
      "918529692382@s.whatsapp.net": {
        "premiumExpiry": 0
      },
      "120363366874828016@newsletter": {
        "premiumExpiry": 0
      },
      "966572036494@s.whatsapp.net": {
        "premiumExpiry": 0
      },
      "22572202506@s.whatsapp.net": {
        "premiumExpiry": 0
      },
      "916009920750@s.whatsapp.net": {
        "premiumExpiry": 0
      },
      "923090211619@s.whatsapp.net": {
        "premiumExpiry": 1831465336395
      },
      "923200339563@s.whatsapp.net": {
        "premiumExpiry": 0
      },
      "923121842110@s.whatsapp.net": {
        "premiumExpiry": 0
      },
      "2347041575328@s.whatsapp.net": {
        "premiumExpiry": 0
      },
      "923294759390@s.whatsapp.net": {
        "premiumExpiry": 0
      },
      "2349043914417@s.whatsapp.net": {
        "premiumExpiry": 1745148911635
      },
      "120363317644635673@newsletter": {
        "premiumExpiry": 0
      },
      "201118584546@s.whatsapp.net": {
        "premiumExpiry": 0
      },
      "2349070528147@s.whatsapp.net": {
        "premiumExpiry": 0
      },
      "919954082897@s.whatsapp.net": {
        "premiumExpiry": 0
      },
      "923318618719@s.whatsapp.net": {
        "premiumExpiry": 1746021632140
      },
      "923304757681@s.whatsapp.net": {
        "premiumExpiry": 1831467139866
      },
      "5516981481870@s.whatsapp.net": {
        "premiumExpiry": 1831474078454
      },
      "919707898505@s.whatsapp.net": {
        "premiumExpiry": 0
      },
      "923008022116@s.whatsapp.net": {
        "premiumExpiry": 1831474688993
      },
      "263788377887@s.whatsapp.net": {
        "premiumExpiry": 1747754964294
      },
      "917085258561@s.whatsapp.net": {
        "premiumExpiry": 0
      },
      "2349125932419@s.whatsapp.net": {
        "premiumExpiry": 1831497020872
      },
      "233277181224@s.whatsapp.net": {
        "premiumExpiry": 1752959699683
      },
      "233240185287@s.whatsapp.net": {
        "premiumExpiry": 1750368340564
      },
      "233544981163@s.whatsapp.net": {
        "premiumExpiry": 1831500213595
      },
      "15517868420@s.whatsapp.net": {
        "premiumExpiry": 0
      },
      "918602239106@s.whatsapp.net": {
        "premiumExpiry": 0
      },
      "50236475315@s.whatsapp.net": {
        "premiumExpiry": 1831563311440
      },
      "120363191549232941@newsletter": {
        "premiumExpiry": 0
      },
      "6283840934095@s.whatsapp.net": {
        "premiumExpiry": 0
      },
      "120363397899217951@newsletter": {
        "premiumExpiry": 0
      },
      "15517868416@s.whatsapp.net": {
        "premiumExpiry": 0
      },
      "918606415893@s.whatsapp.net": {
        "premiumExpiry": 1831535462075
      },
      "15517868412@s.whatsapp.net": {
        "premiumExpiry": 0
      },
      "919599199910@s.whatsapp.net": {
        "premiumExpiry": 0
      },
      "919101163315@s.whatsapp.net": {
        "premiumExpiry": 0
      },
      "4915210358395@s.whatsapp.net": {
        "premiumExpiry": 1831544219364
      },
      "923299131677@s.whatsapp.net": {
        "premiumExpiry": 1831651121690
      },
      "918890727604@s.whatsapp.net": {
        "premiumExpiry": 1753791839176
      },
      "436789040115740@s.whatsapp.net": {
        "premiumExpiry": 1831551404261
      },
      "923313890039@s.whatsapp.net": {
        "premiumExpiry": 1753986134965
      },
      "15517868426@s.whatsapp.net": {
        "premiumExpiry": 0
      },
      "120363364795821877@newsletter": {
        "premiumExpiry": 0
      },
      "918057450442@s.whatsapp.net": {
        "premiumExpiry": 1831563205636
      },
      "918809405751@s.whatsapp.net": {
        "premiumExpiry": 1831563247821
      },
      "917906596881@s.whatsapp.net": {
        "premiumExpiry": 1831565974204
      },
      "120363235060050463@newsletter": {
        "premiumExpiry": 0
      },
      "120363394757896369@newsletter": {
        "premiumExpiry": 0
      },
      "919310787596@s.whatsapp.net": {
        "premiumExpiry": 1753810015719
      },
      "6282310871498@s.whatsapp.net": {
        "premiumExpiry": 1831569164534
      },
      "923462510527@s.whatsapp.net": {
        "premiumExpiry": 1831570484266
      },
      "2348108799887@s.whatsapp.net": {
        "premiumExpiry": 0
      },
      "2348130855666@s.whatsapp.net": {
        "premiumExpiry": 0
      },
      "120363376128294305@newsletter": {
        "premiumExpiry": 0
      },
      "6288983357869@s.whatsapp.net": {
        "premiumExpiry": 1831581133548
      },
      "254787995309@s.whatsapp.net": {
        "premiumExpiry": 0
      },
      "201008002333@s.whatsapp.net": {
        "premiumExpiry": 0
      },
      "233249914587@s.whatsapp.net": {
        "premiumExpiry": 0
      },
      "201100091822@s.whatsapp.net": {
        "premiumExpiry": 0
      },
      "2347012039277@s.whatsapp.net": {
        "premiumExpiry": 0
      },
      "2349036643353@s.whatsapp.net": {
        "premiumExpiry": 0
      },
      "5215661157497@s.whatsapp.net": {
        "premiumExpiry": 0
      },
      "120363405397839812@newsletter": {
        "premiumExpiry": 0
      },
      "5219619667159@s.whatsapp.net": {
        "premiumExpiry": 0
      },
      "393533319267@s.whatsapp.net": {
        "premiumExpiry": 0
      },
      "2349029017944@s.whatsapp.net": {
        "premiumExpiry": 0
      },
      "919387631130@s.whatsapp.net": {
        "premiumExpiry": 0
      },
      "6288708393126@s.whatsapp.net": {
        "premiumExpiry": 0
      },
      "22540587146@s.whatsapp.net": {
        "premiumExpiry": 0
      },
      "923454368262@s.whatsapp.net": {
        "premiumExpiry": 0
      },
      "120363334504991314@newsletter": {
        "premiumExpiry": 0
      },
      "233534256187@s.whatsapp.net": {
        "premiumExpiry": 0
      },
      "2349017222983@s.whatsapp.net": {
        "premiumExpiry": 0
      },
      "5216562032072@s.whatsapp.net": {
        "premiumExpiry": 1753921026190
      },
      "923098467228@s.whatsapp.net": {
        "premiumExpiry": 0
      },
      "917290895394@s.whatsapp.net": {
        "premiumExpiry": 2609212341678
      },
      "2348119780806@s.whatsapp.net": {
        "premiumExpiry": 0
      },
      "994406390786@s.whatsapp.net": {
        "premiumExpiry": 1831623163476
      },
      "918939572255@s.whatsapp.net": {
        "premiumExpiry": 0
      },
      "5218333376435@s.whatsapp.net": {
        "premiumExpiry": 0
      },
      "120363343781594261@newsletter": {
        "premiumExpiry": 0
      },
      "447700166157@s.whatsapp.net": {
        "premiumExpiry": 1746179769700
      },
      "919954755117@s.whatsapp.net": {
        "premiumExpiry": 0
      },
      "120363151015436462@newsletter": {
        "premiumExpiry": 0
      },
      "923448971465@s.whatsapp.net": {
        "premiumExpiry": 0
      },
      "46765631044@s.whatsapp.net": {
        "premiumExpiry": 1831643766318
      },
      "201279908699@s.whatsapp.net": {
        "premiumExpiry": 0
      },
      "60178668124@s.whatsapp.net": {
        "premiumExpiry": 1831707785489
      },
      "254791859805@s.whatsapp.net": {
        "premiumExpiry": 0
      },
      "5517982010584@s.whatsapp.net": {
        "premiumExpiry": 0
      },
      "6281520344899@s.whatsapp.net": {
        "premiumExpiry": 0
      },
      "923275205438@s.whatsapp.net": {
        "premiumExpiry": 1831642693165
      },
      "923195066576@s.whatsapp.net": {
        "premiumExpiry": 1831642706700
      },
      "254714486184@s.whatsapp.net": {
        "premiumExpiry": 0
      },
      "120363414898457228@newsletter": {
        "premiumExpiry": 0
      },
      "918956950032@s.whatsapp.net": {
        "premiumExpiry": 1753883821665
      },
      "14386088711@s.whatsapp.net": {
        "premiumExpiry": 1753884221339
      },
      "919957570416@s.whatsapp.net": {
        "premiumExpiry": 0
      },
      "201061191309@s.whatsapp.net": {
        "premiumExpiry": 1748000463362
      },
      "916900718371@s.whatsapp.net": {
        "premiumExpiry": 0
      },
      "916009238688@s.whatsapp.net": {
        "premiumExpiry": 0
      },
      "919634243432@s.whatsapp.net": {
        "premiumExpiry": 0
      },
      "593963761793@s.whatsapp.net": {
        "premiumExpiry": 1747934734071
      },
      "923360473953@s.whatsapp.net": {
        "premiumExpiry": 1831658891407
      },
      "193694451945507@lid": {
        "premiumExpiry": 0
      },
      "923347328345@s.whatsapp.net": {
        "premiumExpiry": 1745948486194
      },
      "5216561338198@s.whatsapp.net": {
        "premiumExpiry": 0
      },
      "5218331843030@s.whatsapp.net": {
        "premiumExpiry": 0
      },
      "94759604188@s.whatsapp.net": {
        "premiumExpiry": 1745608747083
      },
      "919370021935@s.whatsapp.net": {
        "premiumExpiry": 1831696545749
      },
      "94768651626@s.whatsapp.net": {
        "premiumExpiry": 0
      },
      "923060238559@s.whatsapp.net": {
        "premiumExpiry": 1745610003015
      },
      "2349069326388@s.whatsapp.net": {
        "premiumExpiry": 0
      },
      "201286106847@s.whatsapp.net": {
        "premiumExpiry": 1747945380241
      },
      "2347012755652@s.whatsapp.net": {
        "premiumExpiry": 0
      },
      "96171306608@s.whatsapp.net": {
        "premiumExpiry": 1831667497604
      },
      "96178827728@s.whatsapp.net": {
        "premiumExpiry": 1753966198470
      },
      "639309142654@s.whatsapp.net": {
        "premiumExpiry": 1831735645860
      },
      "923091059211@s.whatsapp.net": {
        "premiumExpiry": 1753911018624
      },
      "40752890610@s.whatsapp.net": {
        "premiumExpiry": 0
      },
      "923163252788@s.whatsapp.net": {
        "premiumExpiry": 0
      },
      "201507128727@s.whatsapp.net": {
        "premiumExpiry": 1746657743478
      },
      "233592272051@s.whatsapp.net": {
        "premiumExpiry": 1745452916116
      },
      "120363414122071514@newsletter": {
        "premiumExpiry": 0
      },
      "2349166444593@s.whatsapp.net": {
        "premiumExpiry": 0
      },
      "120363397781669021@newsletter": {
        "premiumExpiry": 0
      },
      "923167174409@s.whatsapp.net": {
        "premiumExpiry": 0
      },
      "918138972306@s.whatsapp.net": {
        "premiumExpiry": 0
      },
      "120363322318946050@newsletter": {
        "premiumExpiry": 0
      },
      "251704327816@s.whatsapp.net": {
        "premiumExpiry": 0
      },
      "201026370541@s.whatsapp.net": {
        "premiumExpiry": 0
      },
      "255293191667727@lid": {
        "premiumExpiry": 0
      },
      "50489155211@s.whatsapp.net": {
        "premiumExpiry": 0
      },
      "2349069300370@s.whatsapp.net": {
        "premiumExpiry": 0
      },
      "2349065751413@s.whatsapp.net": {
        "premiumExpiry": 0
      },
      "5213310903426@s.whatsapp.net": {
        "premiumExpiry": 0
      },
      "120363385513572355@newsletter": {
        "premiumExpiry": 0
      },
      "916001040068@s.whatsapp.net": {
        "premiumExpiry": 0
      },
      "923353565770@s.whatsapp.net": {
        "premiumExpiry": 0
      },
      "923324771616@s.whatsapp.net": {
        "premiumExpiry": 0
      },
      "919664635500@s.whatsapp.net": {
        "premiumExpiry": 0
      },
      "923295894782@s.whatsapp.net": {
        "premiumExpiry": 0
      },
      "916296543504@s.whatsapp.net": {
        "premiumExpiry": 0
      },
      "923300397359@s.whatsapp.net": {
        "premiumExpiry": 0
      },
      "919362637487@s.whatsapp.net": {
        "premiumExpiry": 0
      },
      "918729875484@s.whatsapp.net": {
        "premiumExpiry": 0
      },
      "918239880030@s.whatsapp.net": {
        "premiumExpiry": 0
      },
      "639129283356@s.whatsapp.net": {
        "premiumExpiry": 0
      },
      "233552899909@s.whatsapp.net": {
        "premiumExpiry": 0
      },
      "919774382438@s.whatsapp.net": {
        "premiumExpiry": 0
      },
      "8619072747208@s.whatsapp.net": {
        "premiumExpiry": 0
      },
      "916002822578@s.whatsapp.net": {
        "premiumExpiry": 1831712316484
      },
      "6282311672612@s.whatsapp.net": {
        "premiumExpiry": 0
      },
      "923361672720@s.whatsapp.net": {
        "premiumExpiry": 0
      },
      "120363332032058680@newsletter": {
        "premiumExpiry": 0
      },
      "6283159243147@s.whatsapp.net": {
        "premiumExpiry": 0
      },
      "967784549233@s.whatsapp.net": {
        "premiumExpiry": 1831723160504
      },
      "6285959750320@s.whatsapp.net": {
        "premiumExpiry": 0
      },
      "6283898958354@s.whatsapp.net": {
        "premiumExpiry": 0
      },
      "9613327299@s.whatsapp.net": {
        "premiumExpiry": 1831727590503
      },
      "97470696465@s.whatsapp.net": {
        "premiumExpiry": 1753968440124
      },
      "923147057988@s.whatsapp.net": {
        "premiumExpiry": 1831734810868
      },
      "918837487638@s.whatsapp.net": {
        "premiumExpiry": 0
      },
      "919863509177@s.whatsapp.net": {
        "premiumExpiry": 0
      },
      "919774113312@s.whatsapp.net": {
        "premiumExpiry": 0
      },
      "916009451138@s.whatsapp.net": {
        "premiumExpiry": 0
      },
      "9613260311@s.whatsapp.net": {
        "premiumExpiry": 1831735658241
      },
      "918794813550@s.whatsapp.net": {
        "premiumExpiry": 0
      },
      "917462908844@s.whatsapp.net": {
        "premiumExpiry": 0
      },
      "966545379978@s.whatsapp.net": {
        "premiumExpiry": 0
      },
      "447424275050@s.whatsapp.net": {
        "premiumExpiry": 1753981969526
      },
      "919366254015@s.whatsapp.net": {
        "premiumExpiry": 0
      },
      "6288983357865@s.whatsapp.net": {
        "premiumExpiry": 0
      },
      "918638403183@s.whatsapp.net": {
        "premiumExpiry": 0
      },
      "923322074764@s.whatsapp.net": {
        "premiumExpiry": 0
      },
      "593992815238@s.whatsapp.net": {
        "premiumExpiry": 0
      },
      "263716558758@s.whatsapp.net": {
        "premiumExpiry": 0
      },
      "2348145892935@s.whatsapp.net": {
        "premiumExpiry": 0
      },
      "923267611723@s.whatsapp.net": {
        "premiumExpiry": 0
      },
      "919873484874@s.whatsapp.net": {
        "premiumExpiry": 1831749513363
      },
      "2348080822728@s.whatsapp.net": {
        "premiumExpiry": 1788639323890
      },
      "2349051751971@s.whatsapp.net": {
        "premiumExpiry": 0
      },
      "22587801003@s.whatsapp.net": {
        "premiumExpiry": 1831752843283
      },
      "2349024817376@s.whatsapp.net": {
        "premiumExpiry": 0
      },
      "923441533324@s.whatsapp.net": {
        "premiumExpiry": 0
      },
      "201069895374@s.whatsapp.net": {
        "premiumExpiry": 1748030682470
      },
      "96181631979@s.whatsapp.net": {
        "premiumExpiry": 0
      },
      "233508796381@s.whatsapp.net": {
        "premiumExpiry": 0
      },
      "5218332812629@s.whatsapp.net": {
        "premiumExpiry": 0
      },
      "2349079098023@s.whatsapp.net": {
        "premiumExpiry": 0
      },
      "120363371008200788@newsletter": {
        "premiumExpiry": 0
      },
      "237687737328@s.whatsapp.net": {
        "premiumExpiry": 1788643286882
      },
      "22504175588@s.whatsapp.net": {
        "premiumExpiry": 0
      },
      "2347076983965@s.whatsapp.net": {
        "premiumExpiry": 0
      },
      "2348088549269@s.whatsapp.net": {
        "premiumExpiry": 0
      },
      "2348106546983@s.whatsapp.net": {
        "premiumExpiry": 0
      },
      "40762371969@s.whatsapp.net": {
        "premiumExpiry": 0
      },
      "40751827801@s.whatsapp.net": {
        "premiumExpiry": 0
      },
      "2349064020801@s.whatsapp.net": {
        "premiumExpiry": 0
      },
      "62895410891600@s.whatsapp.net": {
        "premiumExpiry": 0
      },
      "22564241792@s.whatsapp.net": {
        "premiumExpiry": 0
      },
      "919864916769@s.whatsapp.net": {
        "premiumExpiry": 0
      },
      "120363352798654999@newsletter": {
        "premiumExpiry": 0
      },
      "2348165846414@s.whatsapp.net": {
        "premiumExpiry": 0
      },
      "923441563855@s.whatsapp.net": {
        "premiumExpiry": 0
      },
      "120363305144228223@newsletter": {
        "premiumExpiry": 0
      },
      "199381592596595@lid": {
        "premiumExpiry": 0
      },
      "153537111687383@lid": {
        "premiumExpiry": 0
      },
      "120363202663957461@newsletter": {
        "premiumExpiry": 0
      },
      "919395376542@s.whatsapp.net": {
        "premiumExpiry": 0
      },
      "94729646849@s.whatsapp.net": {
        "premiumExpiry": 0
      },
      "923106493304@s.whatsapp.net": {
        "premiumExpiry": 0
      },
      "917480980574@s.whatsapp.net": {
        "premiumExpiry": 1754006135539
      },
      "917594844072@s.whatsapp.net": {
        "premiumExpiry": 1755244162497
      },
      "2349048365421@s.whatsapp.net": {
        "premiumExpiry": 0
      },
      "918787786711@s.whatsapp.net": {
        "premiumExpiry": 0
      },
      "923298255904@s.whatsapp.net": {
        "premiumExpiry": 0
      },
      "923097798197@s.whatsapp.net": {
        "premiumExpiry": 1748062911327
      },
      "6281267424156@s.whatsapp.net": {
        "premiumExpiry": 0
      },
      "923496182729@s.whatsapp.net": {
        "premiumExpiry": 1748079542126
      },
      "213782418292@s.whatsapp.net": {
        "premiumExpiry": 0
      },
      "917208793797@s.whatsapp.net": {
        "premiumExpiry": 1755244116186
      },
      "918075664725@s.whatsapp.net": {
        "premiumExpiry": 0
      },
      "27630425578@s.whatsapp.net": {
        "premiumExpiry": 1755248331401
      },
      "84776904500@s.whatsapp.net": {
        "premiumExpiry": 1746795719310
      },
      "919101355291@s.whatsapp.net": {
        "premiumExpiry": 1748163425741
      },
      "27689829680@s.whatsapp.net": {
        "premiumExpiry": 1755251034558
      },
      "971566702926@s.whatsapp.net": {
        "premiumExpiry": 1833014291294
      },
      "6287867851785@s.whatsapp.net": {
        "premiumExpiry": 0
      },
      "6281412288742@s.whatsapp.net": {
        "premiumExpiry": 1755266502338
      },
      "905310194011@s.whatsapp.net": {
        "premiumExpiry": 1833017688827
      },
      "120363379257974465@newsletter": {
        "premiumExpiry": 0
      },
      "917719645021@s.whatsapp.net": {
        "premiumExpiry": 0
      },
      "6288297022830@s.whatsapp.net": {
        "premiumExpiry": 0
      },
      "916282033590@s.whatsapp.net": {
        "premiumExpiry": 0
      },
      "6285220703458@s.whatsapp.net": {
        "premiumExpiry": 0
      },
      "918157082630@s.whatsapp.net": {
        "premiumExpiry": 0
      },
      "919335868871@s.whatsapp.net": {
        "premiumExpiry": 0
      },
      "971567663152@s.whatsapp.net": {
        "premiumExpiry": 0
      },
      "27762971511@s.whatsapp.net": {
        "premiumExpiry": 1833029570113
      },
      "120363389358234218@newsletter": {
        "premiumExpiry": 0
      },
      "201557574631@s.whatsapp.net": {
        "premiumExpiry": 0
      },
      "923293442642@s.whatsapp.net": {
        "premiumExpiry": 1755268058938
      },
      "918099096089@s.whatsapp.net": {
        "premiumExpiry": 0
      },
      "918099639289@s.whatsapp.net": {
        "premiumExpiry": 0
      },
      "120363399598906137@newsletter": {
        "premiumExpiry": 0
      },
      "120363395850305068@newsletter": {
        "premiumExpiry": 0
      },
      "120363416564599873@newsletter": {
        "premiumExpiry": 0
      },
      "919650890189@s.whatsapp.net": {
        "premiumExpiry": 0
      },
      "6283869207444@s.whatsapp.net": {
        "premiumExpiry": 0
      },
      "6285793808515@s.whatsapp.net": {
        "premiumExpiry": 0
      },
      "923013451529@s.whatsapp.net": {
        "premiumExpiry": 0
      },
      "120363402556904735@newsletter": {
        "premiumExpiry": 0
      },
      "120363312486179214@newsletter": {
        "premiumExpiry": 0
      },
      "120363414337902464@newsletter": {
        "premiumExpiry": 0
      },
      "917980773413@s.whatsapp.net": {
        "premiumExpiry": 0
      },
      "27828418477@s.whatsapp.net": {
        "premiumExpiry": 0
      },
      "919896443224@s.whatsapp.net": {
        "premiumExpiry": 0
      },
      "994407047500@s.whatsapp.net": {
        "premiumExpiry": 1748011931003
      },
      "919560365526@s.whatsapp.net": {
        "premiumExpiry": 0
      },
      "919986921605@s.whatsapp.net": {
        "premiumExpiry": 0
      },
      "2349133091446@s.whatsapp.net": {
        "premiumExpiry": 1781283981021
      },
      "93721379338@s.whatsapp.net": {
        "premiumExpiry": 1833044816546
      },
      "919161177531@s.whatsapp.net": {
        "premiumExpiry": 0
      },
      "918593034531@s.whatsapp.net": {
        "premiumExpiry": 0
      },
      "917830942081@s.whatsapp.net": {
        "premiumExpiry": 0
      },
      "917569689324@s.whatsapp.net": {
        "premiumExpiry": 0
      },
      "2347050587504@s.whatsapp.net": {
        "premiumExpiry": 0
      },
      "916291919779@s.whatsapp.net": {
        "premiumExpiry": 0
      },
      "923126723313@s.whatsapp.net": {
        "premiumExpiry": 0
      },
      "917907728977@s.whatsapp.net": {
        "premiumExpiry": 0
      },
      "221772064215@s.whatsapp.net": {
        "premiumExpiry": 1755285290829
      },
      "573153287729@s.whatsapp.net": {
        "premiumExpiry": 1755287985708
      },
      "179624172601419@lid": {
        "premiumExpiry": 0
      },
      "2347011121998@s.whatsapp.net": {
        "premiumExpiry": 0
      },
      "254724359956@s.whatsapp.net": {
        "premiumExpiry": 0
      },
      "919207322905@s.whatsapp.net": {
        "premiumExpiry": 0
      },
      "916002663564@s.whatsapp.net": {
        "premiumExpiry": 0
      },
      "2348050287536@s.whatsapp.net": {
        "premiumExpiry": 0
      },
      "923078784288@s.whatsapp.net": {
        "premiumExpiry": 0
      },
      "153798886600892@lid": {
        "premiumExpiry": 0
      },
      "128471498023123@lid": {
        "premiumExpiry": 0
      },
      "120363421033256357@newsletter": {
        "premiumExpiry": 0
      },
      "120363360892933443@newsletter": {
        "premiumExpiry": 0
      },
      "6285646487197@s.whatsapp.net": {
        "premiumExpiry": 0
      },
      "918610832716@s.whatsapp.net": {
        "premiumExpiry": 0
      },
      "221765312302@s.whatsapp.net": {
        "premiumExpiry": 1755319829007
      },
      "593980668348@s.whatsapp.net": {
        "premiumExpiry": 1749394367417
      },
      "87313061298355@lid": {
        "premiumExpiry": 0
      },
      "918875529161@s.whatsapp.net": {
        "premiumExpiry": 0
      },
      "916002686805@s.whatsapp.net": {
        "premiumExpiry": 1833080145660
      },
      "263714476175@s.whatsapp.net": {
        "premiumExpiry": 1755320874257
      },
      "6281234072755@s.whatsapp.net": {
        "premiumExpiry": 1755321954612
      },
      "923044384737@s.whatsapp.net": {
        "premiumExpiry": 1833085113819
      },
      "120363410522280713@newsletter": {
        "premiumExpiry": 0
      },
      "120363383853990813@newsletter": {
        "premiumExpiry": 0
      },
      "27686881509@s.whatsapp.net": {
        "premiumExpiry": 0
      },
      "47146493604078@lid": {
        "premiumExpiry": 0
      },
      "923266308751@s.whatsapp.net": {
        "premiumExpiry": 0
      },
      "2250160082729@s.whatsapp.net": {
        "premiumExpiry": 0
      },
      "2349043428953@s.whatsapp.net": {
        "premiumExpiry": 0
      },
      "918135963896@s.whatsapp.net": {
        "premiumExpiry": 0
      },
      "241880310776006@lid": {
        "premiumExpiry": 0
      },
      "120363418009720100@newsletter": {
        "premiumExpiry": 0
      },
      "918075454988@s.whatsapp.net": {
        "premiumExpiry": 0
      },
      "2349153553672@s.whatsapp.net": {
        "premiumExpiry": 0
      },
      "916302880245@s.whatsapp.net": {
        "premiumExpiry": 1755337387041
      },
      "201275872281@s.whatsapp.net": {
        "premiumExpiry": 1749376485819
      },
      "201557244921@s.whatsapp.net": {
        "premiumExpiry": 0
      },
      "254732514296@s.whatsapp.net": {
        "premiumExpiry": 0
      },
      "120363386788052288@newsletter": {
        "premiumExpiry": 0
      },
      "917280810363@s.whatsapp.net": {
        "premiumExpiry": 0
      },
      "70979183206515@lid": {
        "premiumExpiry": 0
      },
      "120363161854316501@newsletter": {
        "premiumExpiry": 0
      },
      "2349054030238@s.whatsapp.net": {
        "premiumExpiry": 0
      },
      "220903556263979@lid": {
        "premiumExpiry": 0
      },
      "106992467222769@lid": {
        "premiumExpiry": 0
      },
      "6285952460219@s.whatsapp.net": {
        "premiumExpiry": 0
      },
      "917219487055@s.whatsapp.net": {
        "premiumExpiry": 0
      },
      "919395942778@s.whatsapp.net": {
        "premiumExpiry": 0
      },
      "919318451077@s.whatsapp.net": {
        "premiumExpiry": 0
      },
      "919627771049@s.whatsapp.net": {
        "premiumExpiry": 0
      },
      "96878759681@s.whatsapp.net": {
        "premiumExpiry": 0
      },
      "923137235711@s.whatsapp.net": {
        "premiumExpiry": 0
      },
      "14848345436@s.whatsapp.net": {
        "premiumExpiry": 0
      },
      "120363296370834400@newsletter": {
        "premiumExpiry": 0
      },
      "120363400856351407@newsletter": {
        "premiumExpiry": 0
      },
      "120363418182541041@newsletter": {
        "premiumExpiry": 0
      },
      "6285183976009@s.whatsapp.net": {
        "premiumExpiry": 0
      },
      "120363300125333303@newsletter": {
        "premiumExpiry": 0
      },
      "120363418557093738@newsletter": {
        "premiumExpiry": 0
      },
      "919903202944@s.whatsapp.net": {
        "premiumExpiry": 0
      },
      "972509807411@s.whatsapp.net": {
        "premiumExpiry": 0
      },
      "194803207786623@lid": {
        "premiumExpiry": 0
      },
      "6287798161481@s.whatsapp.net": {
        "premiumExpiry": 0
      },
      "2347048641826@s.whatsapp.net": {
        "premiumExpiry": 0
      },
      "2348121855528@s.whatsapp.net": {
        "premiumExpiry": 0
      },
      "97430350724@s.whatsapp.net": {
        "premiumExpiry": 0
      },
      "2349076937353@s.whatsapp.net": {
        "premiumExpiry": 0
      },
      "120363417388407236@newsletter": {
        "premiumExpiry": 0
      },
      "918882853711@s.whatsapp.net": {
        "premiumExpiry": 0
      },
      "916238734683@s.whatsapp.net": {
        "premiumExpiry": 0
      },
      "919313617275@s.whatsapp.net": {
        "premiumExpiry": 0
      },
      "260086358401121@lid": {
        "premiumExpiry": 0
      },
      "593968163751@s.whatsapp.net": {
        "premiumExpiry": 1749395874527
      },
      "50241888758@s.whatsapp.net": {
        "premiumExpiry": 0
      },
      "918267996716@s.whatsapp.net": {
        "premiumExpiry": 0
      },
      "120363387845082870@newsletter": {
        "premiumExpiry": 0
      },
      "918236938522@s.whatsapp.net": {
        "premiumExpiry": 0
      },
      "918100216175@s.whatsapp.net": {
        "premiumExpiry": 0
      },
      "168358909604029@lid": {
        "premiumExpiry": 0
      },
      "923491658069@s.whatsapp.net": {
        "premiumExpiry": 0
      },
      "919274397765@s.whatsapp.net": {
        "premiumExpiry": 0
      },
      "120363400694601931@newsletter": {
        "premiumExpiry": 0
      },
      "923377236936@s.whatsapp.net": {
        "premiumExpiry": 0
      },
      "120363405481413042@newsletter": {
        "premiumExpiry": 0
      },
      "22555378470@s.whatsapp.net": {
        "premiumExpiry": 0
      },
      "27843840511@s.whatsapp.net": {
        "premiumExpiry": 0
      },
      "918445924973@s.whatsapp.net": {
        "premiumExpiry": 0
      },
      "923411626126@s.whatsapp.net": {
        "premiumExpiry": 0
      },
      "96181839465@s.whatsapp.net": {
        "premiumExpiry": 0
      },
      "923115527947@s.whatsapp.net": {
        "premiumExpiry": 0
      },
      "2349120804902@s.whatsapp.net": {
        "premiumExpiry": 0
      },
      "919365498460@s.whatsapp.net": {
        "premiumExpiry": 0
      },
      "2349072144943@s.whatsapp.net": {
        "premiumExpiry": 0
      },
      "120363387066991034@newsletter": {
        "premiumExpiry": 0
      },
      "48459231156@s.whatsapp.net": {
        "premiumExpiry": 0
      },
      "923020104968@s.whatsapp.net": {
        "premiumExpiry": 1755367256739
      },
      "46762808722@s.whatsapp.net": {
        "premiumExpiry": 0
      },
      "69776508473494@lid": {
        "premiumExpiry": 0
      },
      "22042443292845@lid": {
        "premiumExpiry": 0
      },
      "191109401682061@lid": {
        "premiumExpiry": 0
      },
      "120363392656089073@newsletter": {
        "premiumExpiry": 0
      },
      "6285135914292@s.whatsapp.net": {
        "premiumExpiry": 0
      },
      "919079820964@s.whatsapp.net": {
        "premiumExpiry": 0
      },
      "111837173522554@lid": {
        "premiumExpiry": 0
      },
      "919509956014@s.whatsapp.net": {
        "premiumExpiry": 0
      },
      "919650138318@s.whatsapp.net": {
        "premiumExpiry": 0
      },
      "120363334353222571@newsletter": {
        "premiumExpiry": 0
      },
      "50378574476@s.whatsapp.net": {
        "premiumExpiry": 0
      },
      "917638804991@s.whatsapp.net": {
        "premiumExpiry": 0
      },
      "120363202422916997@newsletter": {
        "premiumExpiry": 0
      }
    },
    "settings": {
      "917086348416@s.whatsapp.net": {
        "antiswview": false,
        "autoreactsw": false,
        "autoreactchat": false
      },
      "923336491293@s.whatsapp.net": {
        "antiswview": true,
        "autoreactsw": false
      },
      "919366316018@s.whatsapp.net": {
        "antiswview": false,
        "autoreactsw": false
      },
      "918135992278@s.whatsapp.net": {
        "antiswview": false,
        "autoreactsw": false
      },
      "2348022159244@s.whatsapp.net": {
        "antiswview": false,
        "autoreactsw": false
      },
      "917399805543@s.whatsapp.net": {
        "antiswview": true,
        "autoreactsw": true
      },
      "919368453591@s.whatsapp.net": {
        "antiswview": false,
        "autoreactsw": false
      },
      "923167888791@s.whatsapp.net": {
        "antiswview": true,
        "autoreactsw": true
      },
      "918685842974@s.whatsapp.net": {
        "antiswview": false,
        "autoreactsw": false
      },
      "917099716135@s.whatsapp.net": {
        "antiswview": false,
        "autoreactsw": false
      },
      "2349021325614@s.whatsapp.net": {
        "antiswview": false,
        "autoreactsw": false
      },
      "917324960047@s.whatsapp.net": {
        "antiswview": false,
        "autoreactsw": false
      },
      "971581442098@s.whatsapp.net": {
        "antiswview": false,
        "autoreactsw": false
      },
      "5215613166035@s.whatsapp.net": {
        "antiswview": true,
        "autoreactsw": true
      },
      "380992668370@s.whatsapp.net": {
        "antiswview": false,
        "autoreactsw": false
      },
      "2348168884045@s.whatsapp.net": {
        "antiswview": false,
        "autoreactsw": false
      },
      "923191248374@s.whatsapp.net": {
        "antiswview": false,
        "autoreactsw": false
      },
      "919528303254@s.whatsapp.net": {
        "antiswview": false,
        "autoreactsw": false
      },
      "923436631312@s.whatsapp.net": {
        "antiswview": false,
        "autoreactsw": false
      },
      "919678023974@s.whatsapp.net": {
        "antiswview": false,
        "autoreactsw": false
      },
      "918287614829@s.whatsapp.net": {
        "antiswview": false,
        "autoreactsw": false
      },
      "919220572956@s.whatsapp.net": {
        "antiswview": false,
        "autoreactsw": false
      },
      "6282120460623@s.whatsapp.net": {
        "antiswview": false,
        "autoreactsw": true
      },
      "966551539275@s.whatsapp.net": {
        "antiswview": true,
        "autoreactsw": false
      },
      "918433262245@s.whatsapp.net": {
        "antiswview": false,
        "autoreactsw": false
      },
      "917631927074@s.whatsapp.net": {
        "antiswview": false,
        "autoreactsw": false
      },
      "2348064512910@s.whatsapp.net": {
        "antiswview": false,
        "autoreactsw": false
      },
      "923180601373@s.whatsapp.net": {
        "antiswview": false,
        "autoreactsw": false
      },
      "923334775303@s.whatsapp.net": {
        "antiswview": true,
        "autoreactsw": true
      },
      "6281217255159@s.whatsapp.net": {
        "antiswview": false,
        "autoreactsw": false
      },
      "5514997973047@s.whatsapp.net": {
        "antiswview": false,
        "autoreactsw": false
      },
      "966563591789@s.whatsapp.net": {
        "antiswview": false,
        "autoreactsw": false
      },
      "917771993463@s.whatsapp.net": {
        "antiswview": false,
        "autoreactsw": true
      },
      "918882820188@s.whatsapp.net": {
        "antiswview": false,
        "autoreactsw": false
      },
      "918585980458@s.whatsapp.net": {
        "antiswview": false,
        "autoreactsw": false
      },
      "201270172500@s.whatsapp.net": {
        "antiswview": false,
        "autoreactsw": false
      },
      "6282146361362@s.whatsapp.net": {
        "antiswview": false,
        "autoreactsw": false
      },
      "447893985354@s.whatsapp.net": {
        "antiswview": false,
        "autoreactsw": false
      },
      "919717838357@s.whatsapp.net": {
        "antiswview": false,
        "autoreactsw": false
      },
      "6285189681519@s.whatsapp.net": {
        "antiswview": false,
        "autoreactsw": false
      },
      "918882829265@s.whatsapp.net": {
        "antiswview": false,
        "autoreactsw": false
      },
      "905338409196@s.whatsapp.net": {
        "antiswview": false,
        "autoreactsw": false
      },
      "918923659252@s.whatsapp.net": {
        "antiswview": false,
        "autoreactsw": false
      },
      "2349072995972@s.whatsapp.net": {
        "antiswview": false,
        "autoreactsw": false
      },
      "923704849760@s.whatsapp.net": {
        "antiswview": false,
        "autoreactsw": false
      },
      "2349127074702@s.whatsapp.net": {
        "antiswview": false,
        "autoreactsw": false
      },
      "918901657653@s.whatsapp.net": {
        "antiswview": false,
        "autoreactsw": false
      },
      "923201589548@s.whatsapp.net": {
        "antiswview": true,
        "autoreactsw": true
      },
      "85294731448@s.whatsapp.net": {
        "antiswview": false,
        "autoreactsw": false
      },
      "971569206726@s.whatsapp.net": {
        "antiswview": false,
        "autoreactsw": false
      },
      "923289462579@s.whatsapp.net": {
        "antiswview": true,
        "autoreactsw": true
      },
      "923489093601@s.whatsapp.net": {
        "antiswview": false,
        "autoreactsw": true
      },
      "6283176876687@s.whatsapp.net": {
        "antiswview": false,
        "autoreactsw": false
      },
      "6283872485451@s.whatsapp.net": {
        "antiswview": false,
        "autoreactsw": false
      },
      "201282144479@s.whatsapp.net": {
        "antiswview": false,
        "autoreactsw": false
      },
      "923106143173@s.whatsapp.net": {
        "antiswview": false,
        "autoreactsw": false
      },
      "573150136469@s.whatsapp.net": {
        "antiswview": false,
        "autoreactsw": false
      },
      "918586991000@s.whatsapp.net": {
        "antiswview": false,
        "autoreactsw": false
      },
      "8801852696498@s.whatsapp.net": {
        "antiswview": false,
        "autoreactsw": false
      },
      "923350717275@s.whatsapp.net": {
        "antiswview": false,
        "autoreactsw": false
      },
      "923281464115@s.whatsapp.net": {
        "antiswview": true,
        "autoreactsw": false
      },
      "2349129699311@s.whatsapp.net": {
        "antiswview": false,
        "autoreactsw": false
      },
      "22571251217@s.whatsapp.net": {
        "antiswview": false,
        "autoreactsw": false
      },
      "201288294427@s.whatsapp.net": {
        "antiswview": false,
        "autoreactsw": false
      },
      "254794139003@s.whatsapp.net": {
        "antiswview": false,
        "autoreactsw": false
      },
      "966535343267@s.whatsapp.net": {
        "antiswview": false,
        "autoreactsw": false
      },
      "966570528336@s.whatsapp.net": {
        "antiswview": false,
        "autoreactsw": false
      },
      "254799797245@s.whatsapp.net": {
        "antiswview": false,
        "autoreactsw": true
      },
      "2349043014163@s.whatsapp.net": {
        "antiswview": false,
        "autoreactsw": false
      },
      "923098645562@s.whatsapp.net": {
        "antiswview": false,
        "autoreactsw": false
      },
      "48459439531@s.whatsapp.net": {
        "antiswview": false,
        "autoreactsw": false
      },
      "919588197171@s.whatsapp.net": {
        "antiswview": false,
        "autoreactsw": false
      },
      "923160488403@s.whatsapp.net": {
        "antiswview": false,
        "autoreactsw": true
      },
      "918878170048@s.whatsapp.net": {
        "antiswview": false,
        "autoreactsw": false
      },
      "923299518649@s.whatsapp.net": {
        "antiswview": false,
        "autoreactsw": false
      },
      "2348034240942@s.whatsapp.net": {
        "antiswview": false,
        "autoreactsw": false
      },
      "923193438058@s.whatsapp.net": {
        "antiswview": false,
        "autoreactsw": false
      },
      "22540160331@s.whatsapp.net": {
        "antiswview": false,
        "autoreactsw": false
      },
      "2348027258288@s.whatsapp.net": {
        "antiswview": false,
        "autoreactsw": false
      },
      "6281315844886@s.whatsapp.net": {
        "antiswview": false,
        "autoreactsw": false
      },
      "917697004417@s.whatsapp.net": {
        "antiswview": false,
        "autoreactsw": false
      },
      "919364477007@s.whatsapp.net": {
        "antiswview": false,
        "autoreactsw": false
      },
      "923154606289@s.whatsapp.net": {
        "antiswview": false,
        "autoreactsw": false
      },
      "201021067213@s.whatsapp.net": {
        "antiswview": false,
        "autoreactsw": false
      },
      "2347085476057@s.whatsapp.net": {
        "antiswview": true,
        "autoreactsw": true
      },
      "2349153560320@s.whatsapp.net": {
        "antiswview": false,
        "autoreactsw": false
      },
      "923367794845@s.whatsapp.net": {
        "antiswview": false,
        "autoreactsw": false
      },
      "923366803473@s.whatsapp.net": {
        "antiswview": false,
        "autoreactsw": false
      },
      "923269831071@s.whatsapp.net": {
        "antiswview": false,
        "autoreactsw": false
      },
      "966590714535@s.whatsapp.net": {
        "antiswview": false,
        "autoreactsw": false
      },
      "37258526615@s.whatsapp.net": {
        "antiswview": false,
        "autoreactsw": false
      },
      "919760634252@s.whatsapp.net": {
        "antiswview": false,
        "autoreactsw": false
      },
      "2347076515315@s.whatsapp.net": {
        "antiswview": false,
        "autoreactsw": false
      },
      "923190917363@s.whatsapp.net": {
        "antiswview": true,
        "autoreactsw": false
      },
      "923709499835@s.whatsapp.net": {
        "antiswview": false,
        "autoreactsw": false
      },
      "923346101851@s.whatsapp.net": {
        "antiswview": false,
        "autoreactsw": false
      },
      "201129529078@s.whatsapp.net": {
        "antiswview": false,
        "autoreactsw": false
      },
      "48699534025@s.whatsapp.net": {
        "antiswview": false,
        "autoreactsw": false
      },
      "2348148979185@s.whatsapp.net": {
        "antiswview": false,
        "autoreactsw": false
      },
      "254103543579@s.whatsapp.net": {
        "antiswview": false,
        "autoreactsw": false
      },
      "491630084776@s.whatsapp.net": {
        "antiswview": false,
        "autoreactsw": false
      },
      "923250289979@s.whatsapp.net": {
        "antiswview": false,
        "autoreactsw": false
      },
      "5216481011224@s.whatsapp.net": {
        "antiswview": false,
        "autoreactsw": false
      },
      "966540330753@s.whatsapp.net": {
        "antiswview": false,
        "autoreactsw": false
      },
      "923076471332@s.whatsapp.net": {
        "antiswview": false,
        "autoreactsw": false
      },
      "2347019198904@s.whatsapp.net": {
        "antiswview": false,
        "autoreactsw": false
      },
      "6288971860668@s.whatsapp.net": {
        "antiswview": false,
        "autoreactsw": false
      },
      "40784858433@s.whatsapp.net": {
        "antiswview": false,
        "autoreactsw": false
      },
      "6281330163765@s.whatsapp.net": {
        "antiswview": false,
        "autoreactsw": false
      },
      "923245962482@s.whatsapp.net": {
        "antiswview": false,
        "autoreactsw": false
      },
      "919253607506@s.whatsapp.net": {
        "antiswview": false,
        "autoreactsw": false
      },
      "918917627024@s.whatsapp.net": {
        "antiswview": false,
        "autoreactsw": false
      },
      "923425403745@s.whatsapp.net": {
        "antiswview": true,
        "autoreactsw": false
      },
      "22587256033@s.whatsapp.net": {
        "antiswview": false,
        "autoreactsw": false
      },
      "923417298338@s.whatsapp.net": {
        "antiswview": false,
        "autoreactsw": false
      },
      "2348132554730@s.whatsapp.net": {
        "antiswview": false,
        "autoreactsw": false
      },
      "923357096637@s.whatsapp.net": {
        "antiswview": false,
        "autoreactsw": false
      },
      "201117166491@s.whatsapp.net": {
        "antiswview": false,
        "autoreactsw": false
      },
      "923016922244@s.whatsapp.net": {
        "antiswview": false,
        "autoreactsw": false
      },
      "93723287433@s.whatsapp.net": {
        "antiswview": false,
        "autoreactsw": false
      },
      "40749421022@s.whatsapp.net": {
        "antiswview": false,
        "autoreactsw": false
      },
      "923302786596@s.whatsapp.net": {
        "antiswview": false,
        "autoreactsw": false
      },
      "917005254755@s.whatsapp.net": {
        "antiswview": false,
        "autoreactsw": false
      },
      "6281234584086@s.whatsapp.net": {
        "antiswview": false,
        "autoreactsw": false
      },
      "916003630950@s.whatsapp.net": {
        "antiswview": false,
        "autoreactsw": false
      },
      "201027977969@s.whatsapp.net": {
        "antiswview": false,
        "autoreactsw": false
      },
      "2250714468093@s.whatsapp.net": {
        "antiswview": false,
        "autoreactsw": false
      },
      "6285652270834@s.whatsapp.net": {
        "antiswview": false,
        "autoreactsw": false
      },
      "919000585707@s.whatsapp.net": {
        "antiswview": false,
        "autoreactsw": false
      },
      "6287778002663@s.whatsapp.net": {
        "antiswview": false,
        "autoreactsw": false
      },
      "212716464657@s.whatsapp.net": {
        "antiswview": false,
        "autoreactsw": false
      },
      "919560496723@s.whatsapp.net": {
        "antiswview": false,
        "autoreactsw": false
      },
      "2348052002530@s.whatsapp.net": {
        "antiswview": false,
        "autoreactsw": false
      },
      "2349078265315@s.whatsapp.net": {
        "antiswview": false,
        "autoreactsw": false
      },
      "923704437976@s.whatsapp.net": {
        "antiswview": false,
        "autoreactsw": false
      },
      "233509539410@s.whatsapp.net": {
        "antiswview": false,
        "autoreactsw": false
      },
      "923090443113@s.whatsapp.net": {
        "antiswview": false,
        "autoreactsw": false
      },
      "918368686248@s.whatsapp.net": {
        "antiswview": false,
        "autoreactsw": false
      },
      "6285712414866@s.whatsapp.net": {
        "antiswview": false,
        "autoreactsw": false
      },
      "2348144092271@s.whatsapp.net": {
        "antiswview": false,
        "autoreactsw": false
      },
      "923090211619@s.whatsapp.net": {
        "antiswview": false,
        "autoreactsw": false
      },
      "923200339563@s.whatsapp.net": {
        "antiswview": false,
        "autoreactsw": false
      },
      "923121842110@s.whatsapp.net": {
        "antiswview": false,
        "autoreactsw": false
      },
      "2347041575328@s.whatsapp.net": {
        "antiswview": false,
        "autoreactsw": false
      },
      "923294759390@s.whatsapp.net": {
        "antiswview": false,
        "autoreactsw": false
      },
      "2349043914417@s.whatsapp.net": {
        "antiswview": false,
        "autoreactsw": false
      },
      "923318618719@s.whatsapp.net": {
        "antiswview": false,
        "autoreactsw": false
      },
      "923304757681@s.whatsapp.net": {
        "antiswview": false,
        "autoreactsw": false
      },
      "5516981481870@s.whatsapp.net": {
        "antiswview": false,
        "autoreactsw": false
      },
      "923008022116@s.whatsapp.net": {
        "antiswview": false,
        "autoreactsw": false
      },
      "263788377887@s.whatsapp.net": {
        "antiswview": false,
        "autoreactsw": false
      },
      "2349125932419@s.whatsapp.net": {
        "antiswview": false,
        "autoreactsw": false
      },
      "233277181224@s.whatsapp.net": {
        "antiswview": false,
        "autoreactsw": false
      },
      "233240185287@s.whatsapp.net": {
        "antiswview": false,
        "autoreactsw": false
      },
      "233544981163@s.whatsapp.net": {
        "antiswview": false,
        "autoreactsw": false
      },
      "50236475315@s.whatsapp.net": {
        "antiswview": false,
        "autoreactsw": false
      },
      "918606415893@s.whatsapp.net": {
        "antiswview": false,
        "autoreactsw": false
      },
      "4915210358395@s.whatsapp.net": {
        "antiswview": false,
        "autoreactsw": false
      },
      "923299131677@s.whatsapp.net": {
        "antiswview": false,
        "autoreactsw": false
      },
      "918890727604@s.whatsapp.net": {
        "antiswview": false,
        "autoreactsw": false
      },
      "436789040115740@s.whatsapp.net": {
        "antiswview": false,
        "autoreactsw": false
      },
      "923313890039@s.whatsapp.net": {
        "antiswview": false,
        "autoreactsw": false
      },
      "918057450442@s.whatsapp.net": {
        "antiswview": false,
        "autoreactsw": false
      },
      "917906596881@s.whatsapp.net": {
        "antiswview": false,
        "autoreactsw": false
      },
      "919310787596@s.whatsapp.net": {
        "antiswview": false,
        "autoreactsw": false
      },
      "6282310871498@s.whatsapp.net": {
        "antiswview": false,
        "autoreactsw": false
      },
      "923462510527@s.whatsapp.net": {
        "antiswview": false,
        "autoreactsw": false
      },
      "6288983357869@s.whatsapp.net": {
        "antiswview": false,
        "autoreactsw": false
      },
      "5216562032072@s.whatsapp.net": {
        "antiswview": false,
        "autoreactsw": false
      },
      "917290895394@s.whatsapp.net": {
        "antiswview": false,
        "autoreactsw": false
      },
      "994406390786@s.whatsapp.net": {
        "antiswview": false,
        "autoreactsw": false
      },
      "447700166157@s.whatsapp.net": {
        "antiswview": false,
        "autoreactsw": false
      },
      "923448971465@s.whatsapp.net": {
        "antiswview": false,
        "autoreactsw": false
      },
      "46765631044@s.whatsapp.net": {
        "antiswview": false,
        "autoreactsw": false
      },
      "60178668124@s.whatsapp.net": {
        "antiswview": false,
        "autoreactsw": false
      },
      "923275205438@s.whatsapp.net": {
        "antiswview": false,
        "autoreactsw": false
      },
      "923195066576@s.whatsapp.net": {
        "antiswview": false,
        "autoreactsw": false
      },
      "918956950032@s.whatsapp.net": {
        "antiswview": false,
        "autoreactsw": false
      },
      "14386088711@s.whatsapp.net": {
        "antiswview": false,
        "autoreactsw": false
      },
      "201061191309@s.whatsapp.net": {
        "antiswview": false,
        "autoreactsw": false
      },
      "593963761793@s.whatsapp.net": {
        "antiswview": false,
        "autoreactsw": false
      },
      "923360473953@s.whatsapp.net": {
        "antiswview": false,
        "autoreactsw": false
      },
      "923347328345@s.whatsapp.net": {
        "antiswview": false,
        "autoreactsw": false
      },
      "94759604188@s.whatsapp.net": {
        "antiswview": false,
        "autoreactsw": false
      },
      "919370021935@s.whatsapp.net": {
        "antiswview": false,
        "autoreactsw": false
      },
      "94768651626@s.whatsapp.net": {
        "antiswview": false,
        "autoreactsw": false
      },
      "923060238559@s.whatsapp.net": {
        "antiswview": false,
        "autoreactsw": false
      },
      "2349069326388@s.whatsapp.net": {
        "antiswview": false,
        "autoreactsw": false
      },
      "201286106847@s.whatsapp.net": {
        "antiswview": false,
        "autoreactsw": false
      },
      "96171306608@s.whatsapp.net": {
        "antiswview": false,
        "autoreactsw": false
      },
      "96178827728@s.whatsapp.net": {
        "antiswview": false,
        "autoreactsw": false
      },
      "639309142654@s.whatsapp.net": {
        "antiswview": false,
        "autoreactsw": false
      },
      "923091059211@s.whatsapp.net": {
        "antiswview": false,
        "autoreactsw": false
      },
      "201507128727@s.whatsapp.net": {
        "antiswview": false,
        "autoreactsw": false
      },
      "233592272051@s.whatsapp.net": {
        "antiswview": true,
        "autoreactsw": false
      },
      "918239880030@s.whatsapp.net": {
        "antiswview": false,
        "autoreactsw": false
      },
      "639129283356@s.whatsapp.net": {
        "antiswview": false,
        "autoreactsw": false
      },
      "916002822578@s.whatsapp.net": {
        "antiswview": false,
        "autoreactsw": false
      },
      "967784549233@s.whatsapp.net": {
        "antiswview": false,
        "autoreactsw": false
      },
      "9613327299@s.whatsapp.net": {
        "antiswview": false,
        "autoreactsw": false
      },
      "97470696465@s.whatsapp.net": {
        "antiswview": false,
        "autoreactsw": false
      },
      "923147057988@s.whatsapp.net": {
        "antiswview": false,
        "autoreactsw": false
      },
      "9613260311@s.whatsapp.net": {
        "antiswview": false,
        "autoreactsw": false
      },
      "447424275050@s.whatsapp.net": {
        "antiswview": false,
        "autoreactsw": false
      },
      "6288983357865@s.whatsapp.net": {
        "antiswview": false,
        "autoreactsw": false
      },
      "919873484874@s.whatsapp.net": {
        "antiswview": false,
        "autoreactsw": false
      },
      "2348080822728@s.whatsapp.net": {
        "antiswview": false,
        "autoreactsw": false
      },
      "22587801003@s.whatsapp.net": {
        "antiswview": false,
        "autoreactsw": false
      },
      "2349024817376@s.whatsapp.net": {
        "antiswview": false,
        "autoreactsw": false
      },
      "201069895374@s.whatsapp.net": {
        "antiswview": false,
        "autoreactsw": false
      },
      "96181631979@s.whatsapp.net": {
        "antiswview": false,
        "autoreactsw": false
      },
      "233508796381@s.whatsapp.net": {
        "antiswview": false,
        "autoreactsw": false
      },
      "237687737328@s.whatsapp.net": {
        "antiswview": false,
        "autoreactsw": false
      },
      "917480980574@s.whatsapp.net": {
        "antiswview": false,
        "autoreactsw": false
      },
      "917594844072@s.whatsapp.net": {
        "antiswview": false,
        "autoreactsw": false
      },
      "923298255904@s.whatsapp.net": {
        "antiswview": false,
        "autoreactsw": false
      },
      "923097798197@s.whatsapp.net": {
        "antiswview": false,
        "autoreactsw": false
      },
      "923496182729@s.whatsapp.net": {
        "antiswview": false,
        "autoreactsw": false
      },
      "213782418292@s.whatsapp.net": {
        "antiswview": false
      },
      "917208793797@s.whatsapp.net": {
        "antiswview": false
      },
      "918075664725@s.whatsapp.net": {
        "antiswview": false
      },
      "27630425578@s.whatsapp.net": {
        "antiswview": false
      },
      "84776904500@s.whatsapp.net": {
        "antiswview": false
      },
      "919101355291@s.whatsapp.net": {
        "antiswview": false
      },
      "27689829680@s.whatsapp.net": {
        "antiswview": false
      },
      "971566702926@s.whatsapp.net": {
        "antiswview": false
      },
      "6287867851785@s.whatsapp.net": {
        "antiswview": false
      },
      "6281412288742@s.whatsapp.net": {
        "antiswview": false
      },
      "905310194011@s.whatsapp.net": {
        "antiswview": false
      },
      "27762971511@s.whatsapp.net": {
        "antiswview": false
      },
      "201557574631@s.whatsapp.net": {
        "antiswview": false
      },
      "923293442642@s.whatsapp.net": {
        "antiswview": false
      },
      "994407047500@s.whatsapp.net": {
        "antiswview": false
      },
      "2349133091446@s.whatsapp.net": {
        "antiswview": false
      },
      "93721379338@s.whatsapp.net": {
        "antiswview": false
      },
      "221772064215@s.whatsapp.net": {
        "antiswview": false
      },
      "573153287729@s.whatsapp.net": {
        "antiswview": false
      },
      "2347011121998@s.whatsapp.net": {
        "antiswview": false
      },
      "221765312302@s.whatsapp.net": {
        "antiswview": false
      },
      "593980668348@s.whatsapp.net": {
        "antiswview": false
      },
      "916002686805@s.whatsapp.net": {
        "antiswview": false
      },
      "263714476175@s.whatsapp.net": {
        "antiswview": false
      },
      "6281234072755@s.whatsapp.net": {
        "antiswview": false
      },
      "923044384737@s.whatsapp.net": {
        "antiswview": false
      },
      "2349153553672@s.whatsapp.net": {
        "antiswview": false
      },
      "916302880245@s.whatsapp.net": {
        "antiswview": false
      },
      "201275872281@s.whatsapp.net": {
        "antiswview": false
      },
      "201557244921@s.whatsapp.net": {
        "antiswview": false
      },
      "2347048641826@s.whatsapp.net": {
        "antiswview": false
      },
      "593968163751@s.whatsapp.net": {
        "antiswview": false
      },
      "923020104968@s.whatsapp.net": {
        "antiswview": false
      }
    },
    "owners": [
      "919366316018",
      "6282120460623",
      "918287614829",
      "923154606289",
      "923289462479",
      "2349129699311",
      "923289462579",
      "918882820188",
      "2349021325614",
      "5215538596724",
      "917399805543",
      "923107851252",
      "923160488403",
      "233509539410",
      "918809405751",
      "593984872374",
      "96171306608",
      "213782418292",
      "917208793797",
      "918685842974",
      "6281412288742",
      "201557574631",
      "50236475315"
    ]
  }
}